timeStamp,elapsed,label,responseCode,responseMessage,threadName,dataType,success,failureMessage,bytes,sentBytes,grpThreads,allThreads,URL,Latency,IdleTime,Connect
1699784363753,2584,Select Product Review,200,OK,Thread Group 1-1,text,true,,3564,0,3,3,null,2564,0,2352
1699784366337,588,Select Products,200,OK,Thread Group 1-1,text,true,,40163,0,4,4,null,215,0,0
1699784364750,2372,Select Product Review,200,OK,Thread Group 1-2,text,true,,3564,0,4,4,null,2371,0,2177
1699784367122,362,Select Products,200,OK,Thread Group 1-2,text,true,,40163,0,4,4,null,192,0,0
1699784367484,185,Count Orders,200,OK,Thread Group 1-2,text,true,,20,0,4,4,null,184,0,0
1699784367670,182,Select Product Review,200,OK,Thread Group 1-2,text,true,,3564,0,5,5,null,182,0,0
1699784367852,223,Select Products,200,OK,Thread Group 1-2,text,true,,40163,0,5,5,null,182,0,0
1699784366745,1511,Select Product Review,200,OK,Thread Group 1-4,text,true,,3564,0,5,5,null,1511,0,1330
1699784368257,214,Select Products,200,OK,Thread Group 1-4,text,true,,40163,0,5,5,null,180,0,0
1699784368472,236,Count Orders,200,OK,Thread Group 1-4,text,true,,20,0,5,5,null,236,0,0
1699784365744,3178,Select Product Review,200,OK,Thread Group 1-3,text,true,,3564,0,6,6,null,3176,0,2964
1699784368076,1023,Count Orders,200,OK,Thread Group 1-2,text,true,,20,0,6,6,null,1023,0,847
1699784366928,2365,Count Orders,200,OK,Thread Group 1-1,text,true,,20,0,6,6,null,2365,0,2171
1699784367752,1730,Select Product Review,200,OK,Thread Group 1-5,text,true,,3564,0,6,6,null,1730,0,1542
1699784369486,217,Select Products,200,OK,Thread Group 1-5,text,true,,40163,0,6,6,null,181,0,0
1699784368756,1131,Select Product Review,200,OK,Thread Group 1-6,text,true,,3564,0,7,7,null,1131,0,947
1699784369888,225,Select Products,200,OK,Thread Group 1-6,text,true,,40163,0,7,7,null,190,0,0
1699784369104,1202,Select Product Review,200,OK,Thread Group 1-2,text,true,,3564,0,7,7,null,1201,0,1009
1699784370307,287,Select Products,200,OK,Thread Group 1-2,text,true,,40163,0,7,7,null,279,0,0
1699784370595,199,Count Orders,200,OK,Thread Group 1-2,text,true,,20,0,8,8,null,199,0,0
1699784370795,213,Select Product Review,200,OK,Thread Group 1-2,text,true,,3564,0,8,8,null,212,0,0
1699784369746,1451,Select Product Review,200,OK,Thread Group 1-7,text,true,,3564,0,8,8,null,1451,0,1262
1699784371199,215,Select Products,200,OK,Thread Group 1-7,text,true,,40163,0,8,8,null,180,0,0
1699784371415,210,Count Orders,200,OK,Thread Group 1-7,text,true,,20,0,8,8,null,210,0,0
1699784371626,180,Select Product Review,200,OK,Thread Group 1-7,text,true,,3564,0,9,9,null,180,0,0
1699784371806,219,Select Products,200,OK,Thread Group 1-7,text,true,,40163,0,9,9,null,193,0,0
1699784372025,189,Count Orders,200,OK,Thread Group 1-7,text,true,,20,0,9,9,null,188,0,0
1699784372214,181,Select Product Review,200,OK,Thread Group 1-7,text,true,,3564,0,9,9,null,181,0,0
1699784372395,208,Select Products,200,OK,Thread Group 1-7,text,true,,40163,0,9,9,null,184,0,0
1699784372603,196,Count Orders,200,OK,Thread Group 1-7,text,true,,20,0,10,10,null,195,0,1
1699784370113,2870,Count Orders,200,OK,Thread Group 1-6,text,true,,20,0,10,10,null,2870,0,2686
1699784372984,195,Select Product Review,200,OK,Thread Group 1-6,text,true,,3564,0,10,10,null,194,0,0
1699784373180,223,Select Products,200,OK,Thread Group 1-6,text,true,,40163,0,10,10,null,180,0,0
1699784368708,4876,Select Product Review,200,OK,Thread Group 1-4,text,true,,3564,0,10,10,null,4876,0,4691
1699784370746,3057,Select Product Review,200,OK,Thread Group 1-8,text,true,,3564,0,10,10,null,3056,0,2843
1699784369704,4277,Count Orders,200,OK,Thread Group 1-5,text,true,,20,0,10,10,null,4277,0,4099
1699784371008,3206,Select Products,200,OK,Thread Group 1-2,text,true,,40163,0,10,10,null,3161,0,2974
1699784368927,5516,Select Products,200,OK,Thread Group 1-3,text,true,,40163,0,10,10,null,5478,0,5287
1699784372748,1877,Select Product Review,200,OK,Thread Group 1-10,text,true,,3564,0,10,10,null,1876,0,1695
1699784374626,212,Select Products,200,OK,Thread Group 1-10,text,true,,40163,0,10,10,null,178,0,0
1699784374838,184,Count Orders,200,OK,Thread Group 1-10,text,true,,20,0,10,10,null,184,0,0
1699784375023,186,Select Product Review,200,OK,Thread Group 1-10,text,true,,3564,0,10,10,null,186,0,0
1699784373405,1994,Count Orders,200,OK,Thread Group 1-6,text,true,,20,0,10,10,null,1994,0,1803
1699784375401,200,Select Product Review,200,OK,Thread Group 1-6,text,true,,3564,0,10,10,null,199,0,0
1699784373804,2009,Select Products,200,OK,Thread Group 1-8,text,true,,40163,0,10,10,null,1979,0,1797
1699784375813,182,Count Orders,200,OK,Thread Group 1-8,text,true,,20,0,10,10,null,181,0,0
1699784375995,190,Select Product Review,200,OK,Thread Group 1-8,text,true,,3564,0,10,10,null,190,0,0
1699784376185,327,Select Products,200,OK,Thread Group 1-8,text,true,,40163,0,10,10,null,283,0,0
1699784372800,3895,Select Product Review,200,OK,Thread Group 1-7,text,true,,3564,0,10,10,null,3895,0,3711
1699784369298,7618,Select Product Review,200,OK,Thread Group 1-1,text,true,,3564,0,10,10,null,7618,0,7398
1699784376918,467,Select Products,200,OK,Thread Group 1-1,text,true,,40163,0,10,10,null,363,0,0
1699784377385,242,Count Orders,200,OK,Thread Group 1-1,text,true,,20,0,10,10,null,242,0,0
1699784377627,187,Select Product Review,200,OK,Thread Group 1-1,text,true,,3564,0,10,10,null,186,0,0
1699784377814,390,Select Products,200,OK,Thread Group 1-1,text,true,,40163,0,10,10,null,183,0,1
1699784378204,191,Count Orders,200,OK,Thread Group 1-1,text,true,,20,0,10,10,null,190,0,0
1699784378396,304,Select Product Review,200,OK,Thread Group 1-1,text,true,,3564,0,10,10,null,303,0,2
1699784378700,321,Select Products,200,OK,Thread Group 1-1,text,true,,40163,0,10,10,null,289,0,0
1699784379022,252,Count Orders,200,OK,Thread Group 1-1,text,true,,20,0,10,10,null,251,0,0
1699784376698,2805,Select Products,200,OK,Thread Group 1-7,text,true,,40163,0,10,10,null,2761,0,2577
1699784371752,7992,Select Product Review,200,OK,Thread Group 1-9,text,true,,3564,0,10,10,null,7992,0,7750
1699784375210,4802,Select Products,200,OK,Thread Group 1-10,text,true,,40163,0,10,10,null,4747,0,4535
1699784380012,221,Count Orders,200,OK,Thread Group 1-10,text,true,,20,0,10,10,null,221,0,0
1699784380233,232,Select Product Review,200,OK,Thread Group 1-10,text,true,,3564,0,10,10,null,228,0,1
1699784380465,225,Select Products,200,OK,Thread Group 1-10,text,true,,40163,0,10,10,null,199,0,0
1699784380691,195,Count Orders,200,OK,Thread Group 1-10,text,true,,20,0,10,10,null,195,0,0
1699784374445,6639,Count Orders,200,OK,Thread Group 1-3,text,true,,20,0,10,10,null,6639,0,6442
1699784381084,256,Select Product Review,200,OK,Thread Group 1-3,text,true,,3564,0,10,10,null,255,0,0
1699784379275,2264,Select Product Review,200,OK,Thread Group 1-1,text,true,,3564,0,10,10,null,2262,0,2066
1699784381539,280,Select Products,200,OK,Thread Group 1-1,text,true,,40163,0,10,10,null,229,0,0
1699784379751,2299,Select Products,200,OK,Thread Group 1-9,text,true,,40163,0,10,10,null,2272,0,2068
1699784382050,192,Count Orders,200,OK,Thread Group 1-9,text,true,,20,0,10,10,null,191,0,0
1699784375601,6863,Select Products,200,OK,Thread Group 1-6,text,true,,40163,0,10,10,null,6828,0,6642
1699784382463,193,Count Orders,200,OK,Thread Group 1-6,text,true,,20,0,10,10,null,193,0,1
1699784374217,8631,Count Orders,200,OK,Thread Group 1-2,text,true,,20,0,10,10,null,8631,0,8440
1699784380886,2199,Select Product Review,200,OK,Thread Group 1-10,text,true,,3564,0,10,10,null,2199,0,1961
1699784376513,6825,Count Orders,200,OK,Thread Group 1-8,text,true,,20,0,10,10,null,6825,0,6573
1699784383337,193,Select Product Review,200,OK,Thread Group 1-8,text,true,,3564,0,10,10,null,192,0,0
1699784373589,10006,Select Products,null 0,"java.sql.SQLException: Cannot get a connection, pool error Timeout waiting for idle object, borrowMaxWaitDuration=PT10S",Thread Group 1-4,text,false,,96,0,10,10,null,0,0,10006
1699784379503,4251,Count Orders,200,OK,Thread Group 1-7,text,true,,20,0,10,10,null,4250,0,4027
1699784381823,2115,Count Orders,200,OK,Thread Group 1-1,text,true,,20,0,10,10,null,2115,0,1931
1699784373983,10005,Select Product Review,null 0,"java.sql.SQLException: Cannot get a connection, pool error Timeout waiting for idle object, borrowMaxWaitDuration=PT10S",Thread Group 1-5,text,false,,96,0,10,10,null,0,0,10005
1699784382243,1883,Select Product Review,200,OK,Thread Group 1-9,text,true,,3564,0,10,10,null,1883,0,1695
1699784384126,222,Select Products,200,OK,Thread Group 1-9,text,true,,40163,0,10,10,null,207,0,0
1699784384348,195,Count Orders,200,OK,Thread Group 1-9,text,true,,20,0,10,10,null,195,0,0
1699784384544,222,Select Product Review,200,OK,Thread Group 1-9,text,true,,3564,0,10,10,null,222,0,0
1699784384767,228,Select Products,200,OK,Thread Group 1-9,text,true,,40163,0,10,10,null,199,0,0
1699784384996,180,Count Orders,200,OK,Thread Group 1-9,text,true,,20,0,10,10,null,180,0,0
1699784385177,191,Select Product Review,200,OK,Thread Group 1-9,text,true,,3564,0,10,10,null,190,0,0
1699784385368,316,Select Products,200,OK,Thread Group 1-9,text,true,,40163,0,10,10,null,300,0,0
1699784383938,1966,Select Product Review,200,OK,Thread Group 1-1,text,true,,3564,0,10,10,null,1966,0,1746
1699784383988,2137,Select Products,200,OK,Thread Group 1-5,text,true,,40163,0,10,10,null,2105,0,1916
1699784382657,3661,Select Product Review,200,OK,Thread Group 1-6,text,true,,3564,0,10,10,null,3660,0,3468
1699784382848,3674,Select Product Review,200,OK,Thread Group 1-2,text,true,,3564,0,10,10,null,3674,0,3470
1699784383086,3661,Select Products,200,OK,Thread Group 1-10,text,true,,40163,0,10,10,null,3617,0,3437
1699784381341,5739,Select Products,200,OK,Thread Group 1-3,text,true,,40163,0,10,10,null,5717,0,5406
1699784383530,3784,Select Products,200,OK,Thread Group 1-8,text,true,,40163,0,10,10,null,3748,0,3550
1699784383595,3937,Count Orders,200,OK,Thread Group 1-4,text,true,,20,0,10,10,null,3936,0,3719
1699784383755,4012,Select Product Review,200,OK,Thread Group 1-7,text,true,,3564,0,10,10,null,4012,0,3777
1699784387767,230,Select Products,200,OK,Thread Group 1-7,text,true,,40163,0,10,10,null,191,0,0
1699784385904,2325,Select Products,200,OK,Thread Group 1-1,text,true,,40163,0,10,10,null,2276,0,2093
1699784386126,2307,Count Orders,200,OK,Thread Group 1-5,text,true,,20,0,10,10,null,2306,0,2103
1699784386318,2350,Select Products,200,OK,Thread Group 1-6,text,true,,40163,0,10,10,null,2302,0,2115
1699784386524,2400,Select Products,200,OK,Thread Group 1-2,text,true,,40163,0,10,10,null,2351,0,2144
1699784386747,2361,Count Orders,200,OK,Thread Group 1-10,text,true,,20,0,10,10,null,2360,0,2177
1699784387080,2231,Count Orders,200,OK,Thread Group 1-3,text,true,,20,0,10,10,null,2231,0,2028
1699784387314,2186,Count Orders,200,OK,Thread Group 1-8,text,true,,20,0,10,10,null,2186,0,1997
1699784387532,2150,Select Product Review,200,OK,Thread Group 1-4,text,true,,3564,0,10,10,null,2149,0,1968
1699784385684,4177,Count Orders,200,OK,Thread Group 1-9,text,true,,20,0,10,10,null,4176,0,3998
1699784387997,2078,Count Orders,200,OK,Thread Group 1-7,text,true,,20,0,10,10,null,2078,0,1864
1699784388229,2040,Count Orders,200,OK,Thread Group 1-1,text,true,,20,0,10,10,null,2039,0,1846
1699784388433,2050,Select Product Review,200,OK,Thread Group 1-5,text,true,,3564,0,10,10,null,2049,0,1836
1699784388668,2055,Count Orders,200,OK,Thread Group 1-6,text,true,,20,0,10,10,null,2055,0,1815
1699784390724,205,Select Product Review,200,OK,Thread Group 1-6,text,true,,3564,0,10,10,null,204,0,0
1699784389109,2011,Select Product Review,200,OK,Thread Group 1-10,text,true,,3564,0,10,10,null,2011,0,1820
1699784389312,2030,Select Product Review,200,OK,Thread Group 1-3,text,true,,3564,0,10,10,null,2030,0,1808
1699784389518,2088,Select Product Review,200,OK,Thread Group 1-8,text,true,,3564,0,10,10,null,2088,0,1824
1699784391606,254,Select Products,200,OK,Thread Group 1-8,text,true,,40163,0,10,10,null,187,0,0
1699784391860,190,Count Orders,200,OK,Thread Group 1-8,text,true,,20,0,10,10,null,190,0,0
1699784390076,2165,Select Product Review,200,OK,Thread Group 1-7,text,true,,3564,0,10,10,null,2165,0,1974
1699784392241,243,Select Products,200,OK,Thread Group 1-7,text,true,,40163,0,10,10,null,208,0,0
1699784392484,189,Count Orders,200,OK,Thread Group 1-7,text,true,,20,0,10,10,null,189,0,0
1699784392674,188,Select Product Review,200,OK,Thread Group 1-7,text,true,,3564,0,10,10,null,188,0,0
1699784390929,2307,Select Products,200,OK,Thread Group 1-6,text,true,,40163,0,10,10,null,2125,0,1934
1699784393237,187,Count Orders,200,OK,Thread Group 1-6,text,true,,20,0,10,10,null,183,0,1
1699784393424,207,Select Product Review,200,OK,Thread Group 1-6,text,true,,3564,0,10,10,null,207,0,0
1699784393631,213,Select Products,200,OK,Thread Group 1-6,text,true,,40163,0,10,10,null,183,0,0
1699784389862,4176,Select Product Review,200,OK,Thread Group 1-9,text,true,,3564,0,9,9,null,4176,0,3982
1699784392050,2188,Select Product Review,200,OK,Thread Group 1-8,text,true,,3564,0,8,8,null,2188,0,1991
1699784390270,4194,Select Product Review,200,OK,Thread Group 1-1,text,true,,3564,0,7,7,null,4194,0,3968
1699784390484,4188,Select Products,200,OK,Thread Group 1-5,text,true,,40163,0,6,6,null,4168,0,3981
1699784388925,5928,Count Orders,200,OK,Thread Group 1-2,text,true,,20,0,5,5,null,5928,0,5747
1699784392863,2203,Select Products,200,OK,Thread Group 1-7,text,true,,40163,0,4,4,null,2176,0,1990
1699784391121,4193,Select Products,200,OK,Thread Group 1-10,text,true,,40163,0,3,3,null,4157,0,3946
1699784391342,4192,Select Products,200,OK,Thread Group 1-3,text,true,,40163,0,2,2,null,4154,0,3972
1699784389683,6067,Select Products,200,OK,Thread Group 1-4,text,true,,40163,0,1,1,null,6038,0,5856
